2024-09-10 오후 7:07:21,26.00,52.00
2024-09-10 오후 7:07:23,26.00,52.00
2024-09-10 오후 7:07:25,26.00,52.00
2024-09-10 오후 7:07:27,26.00,52.00
2024-09-10 오후 7:07:29,26.00,52.00
2024-09-10 오후 7:07:31,26.00,52.00
2024-09-10 오후 7:07:33,26.00,52.00
2024-09-10 오후 7:07:35,26.00,52.00
2024-09-10 오후 7:07:38,26.00,52.00
2024-09-10 오후 7:07:40,26.00,52.00
2024-09-10 오후 7:07:42,26.00,52.00
2024-09-10 오후 7:07:44,26.00,52.00
2024-09-10 오후 7:07:46,26.00,54.00
2024-09-10 오후 7:07:48,26.00,55.00
2024-09-10 오후 7:07:50,26.00,57.00
2024-09-10 오후 7:07:52,26.00,57.00
2024-09-10 오후 7:07:54,26.00,55.00
2024-09-10 오후 7:07:56,26.00,55.00
2024-09-10 오후 7:08:34,26.00,52.00
2024-09-10 오후 7:08:36,26.00,52.00
2024-09-10 오후 7:08:38,26.00,52.00
2024-09-10 오후 7:08:40,26.00,52.00
2024-09-10 오후 7:08:42,26.00,52.00
2024-09-10 오후 7:08:44,26.00,52.00
2024-09-10 오후 7:08:46,26.00,52.00
2024-09-10 오후 7:08:49,26.00,52.00
2024-09-10 오후 7:08:51,26.00,52.00
2024-09-10 오후 7:08:53,26.00,52.00
2024-09-10 오후 7:08:55,26.00,52.00
2024-09-10 오후 7:08:57,26.00,52.00
2024-09-10 오후 7:08:59,26.00,52.00
2024-09-10 오후 7:09:01,26.00,52.00
2024-09-10 오후 7:09:03,26.00,52.00
2024-09-10 오후 7:09:05,26.00,52.00
2024-09-10 오후 7:09:07,26.00,52.00
2024-09-10 오후 7:09:09,26.00,52.00
2024-09-10 오후 7:09:11,26.00,53.00
2024-09-10 오후 7:09:13,26.00,60.00
2024-09-10 오후 7:09:15,26.00,69.00
2024-09-10 오후 7:09:17,25.60,0.00
2024-09-10 오후 7:09:17,102.67,481.28
2024-09-10 오후 7:09:19,26.00,70.00
2024-09-10 오후 7:09:21,26.00,68.00
2024-09-10 오후 7:09:24,25.60,0.00
2024-09-10 오후 7:09:24,102.65,256.00
2024-09-10 오후 7:09:26,26.00,62.00
2024-09-10 오후 7:09:28,26.00,60.00
2024-09-10 오후 7:09:30,26.00,58.00
2024-09-10 오후 7:09:32,26.00,57.00
2024-09-10 오후 7:09:34,26.00,56.00
2024-09-10 오후 7:09:36,26.00,55.00
2024-09-10 오후 7:09:38,26.00,54.00
2024-09-10 오후 7:09:40,26.00,54.00
2024-09-10 오후 7:09:42,26.00,55.56
2024-09-10 오후 7:09:44,26.00,53.00
2024-09-10 오후 7:09:46,26.00,53.00
2024-09-10 오후 7:09:48,26.00,53.00
2024-09-10 오후 7:09:50,26.00,52.00
2024-09-10 오후 7:09:52,26.00,52.00
2024-09-10 오후 7:09:54,26.00,52.00
2024-09-10 오후 7:09:56,26.00,52.00
2024-09-10 오후 7:09:58,26.00,52.00
2024-09-10 오후 7:10:01,26.00,52.00
2024-09-10 오후 7:10:03,26.00,52.00
2024-09-10 오후 7:10:05,26.00,52.00
2024-09-10 오후 7:10:07,26.00,52.00
2024-09-10 오후 7:10:09,26.00,52.00
2024-09-10 오후 7:10:11,26.00,52.00
2024-09-10 오후 7:10:13,26.00,52.00
2024-09-10 오후 7:10:15,26.00,53.56
2024-09-10 오후 7:10:17,26.00,53.56
2024-09-10 오후 7:10:19,26.00,53.56
2024-09-10 오후 7:10:21,26.00,53.56
2024-09-10 오후 7:10:23,26.00,53.56
2024-09-10 오후 7:10:25,26.00,53.56
2024-09-10 오후 7:10:27,26.00,53.56
2024-09-10 오후 7:10:29,26.00,53.56
2024-09-10 오후 7:10:31,26.00,53.56
2024-09-10 오후 7:10:33,26.00,53.56
2024-09-10 오후 7:10:36,26.00,53.56
2024-09-10 오후 7:10:38,26.00,53.56
2024-09-10 오후 7:10:40,26.00,53.56
2024-09-10 오후 7:10:42,26.00,53.56
2024-09-10 오후 7:10:44,26.00,53.56
2024-09-10 오후 7:10:46,26.00,53.56
2024-09-10 오후 7:10:48,26.00,53.56
2024-09-10 오후 7:10:50,26.00,53.56
2024-09-10 오후 7:10:52,26.00,53.56
2024-09-10 오후 7:10:54,26.00,53.56
2024-09-10 오후 7:10:56,26.00,53.56
2024-09-10 오후 7:10:58,26.00,53.56
2024-09-10 오후 7:11:00,26.00,53.56
2024-09-10 오후 7:11:02,26.00,53.56
2024-09-10 오후 7:11:04,26.00,53.56
2024-09-10 오후 7:11:06,26.00,53.56
2024-09-10 오후 7:11:08,26.00,53.56
2024-09-10 오후 7:11:11,26.00,53.56
2024-09-10 오후 7:11:13,26.00,53.56
2024-09-10 오후 7:11:15,26.00,53.56
2024-09-10 오후 7:11:17,26.00,53.56
2024-09-10 오후 7:11:19,26.00,53.56
2024-09-10 오후 7:11:21,26.00,53.56
2024-09-10 오후 7:11:23,26.00,53.56
2024-09-10 오후 7:11:25,26.00,53.56
2024-09-10 오후 7:11:27,26.00,53.56
2024-09-10 오후 7:11:29,26.00,53.56
2024-09-10 오후 7:11:31,26.00,53.56
2024-09-10 오후 7:11:33,26.00,53.56
2024-09-10 오후 7:11:35,26.00,53.56
2024-09-10 오후 7:11:37,26.00,53.56
2024-09-10 오후 7:11:39,26.00,53.56
2024-09-10 오후 7:11:41,26.00,53.56
2024-09-10 오후 7:11:43,26.00,53.56
2024-09-10 오후 7:11:45,26.00,53.56
2024-09-10 오후 7:11:48,26.00,53.56
2024-09-10 오후 7:11:50,26.00,53.56
2024-09-10 오후 7:11:52,26.00,53.56
2024-09-10 오후 7:11:54,26.00,53.56
2024-09-10 오후 7:11:56,26.00,53.56
2024-09-10 오후 7:11:58,26.00,53.56
2024-09-10 오후 7:12:00,26.00,53.56
2024-09-10 오후 7:12:02,26.00,53.56
2024-09-10 오후 7:12:04,26.00,53.56
2024-09-10 오후 7:12:06,26.00,53.56
2024-09-10 오후 7:12:08,26.00,53.56
2024-09-10 오후 7:12:10,26.00,53.56
2024-09-10 오후 7:12:12,26.00,53.56
2024-09-10 오후 7:12:14,26.00,53.56
2024-09-10 오후 7:12:16,26.00,53.56
2024-09-10 오후 7:12:18,26.00,53.56
2024-09-10 오후 7:12:20,26.00,53.56
2024-09-10 오후 7:12:23,26.00,53.56
2024-09-10 오후 7:12:25,26.00,53.56
2024-09-10 오후 7:12:27,26.00,53.56
2024-09-10 오후 7:12:29,26.00,53.56
2024-09-10 오후 7:12:31,26.00,53.56
2024-09-10 오후 7:12:33,26.00,53.56
2024-09-10 오후 7:12:35,26.00,53.56
2024-09-10 오후 7:12:37,26.00,57.00
2024-09-10 오후 7:12:39,26.00,65.00
2024-09-10 오후 7:12:41,26.00,70.00
2024-09-10 오후 7:12:43,26.00,73.00
2024-09-10 오후 7:12:45,26.00,75.00
2024-09-10 오후 7:12:47,26.00,75.00
2024-09-10 오후 7:12:49,26.00,73.56
2024-09-10 오후 7:12:51,26.00,67.00
2024-09-10 오후 7:12:53,25.60,0.00
2024-09-10 오후 7:12:53,102.64,399.36
2024-09-10 오후 7:12:55,26.00,61.00
2024-09-10 오후 7:12:58,26.00,59.00
2024-09-10 오후 7:13:00,26.00,57.00
2024-09-10 오후 7:13:02,26.00,55.00
2024-09-10 오후 7:13:04,26.00,55.00
2024-09-10 오후 7:13:06,26.00,54.00
2024-09-10 오후 7:13:08,27.00,55.56
2024-09-10 오후 7:13:10,27.00,53.00
2024-09-10 오후 7:13:12,27.00,53.00
2024-09-10 오후 7:13:14,27.00,52.00
2024-09-10 오후 7:13:16,27.00,52.00
2024-09-10 오후 7:13:18,27.00,52.00
2024-09-10 오후 7:13:20,27.00,52.00
2024-09-10 오후 7:13:22,27.00,52.00
2024-09-10 오후 7:13:24,27.00,52.00
2024-09-10 오후 7:13:26,27.00,53.56
2024-09-10 오후 7:13:28,27.00,53.56
2024-09-10 오후 7:13:30,27.00,53.56
2024-09-10 오후 7:13:33,27.00,53.56
2024-09-10 오후 7:13:35,27.00,53.56
2024-09-10 오후 7:13:37,27.00,53.56
2024-09-10 오후 7:13:39,27.00,53.56
2024-09-10 오후 7:13:41,27.00,53.56
2024-09-10 오후 7:13:43,27.00,53.56
2024-09-10 오후 7:13:45,27.00,53.56
2024-09-10 오후 7:13:47,27.00,53.56
2024-09-10 오후 7:13:49,27.00,53.56
2024-09-10 오후 7:13:51,27.00,53.56
2024-09-10 오후 7:13:53,27.00,53.56
2024-09-10 오후 7:13:55,27.00,51.00
2024-09-10 오후 7:13:57,27.00,51.00
2024-09-10 오후 7:13:59,27.00,51.00
2024-09-10 오후 7:14:01,27.00,51.00
2024-09-10 오후 7:14:03,27.00,51.00
2024-09-10 오후 7:14:05,27.00,51.00
2024-09-10 오후 7:14:08,27.00,51.00
2024-09-10 오후 7:14:10,27.00,51.00
2024-09-10 오후 7:14:12,27.00,51.00
2024-09-10 오후 7:14:14,27.00,51.00
2024-09-10 오후 7:14:16,27.00,51.00
2024-09-10 오후 7:14:18,27.00,51.00
2024-09-10 오후 7:14:20,27.00,51.00
2024-09-10 오후 7:14:22,27.00,51.00
2024-09-10 오후 7:14:24,27.00,53.56
2024-09-10 오후 7:14:26,27.00,51.00
2024-09-10 오후 7:14:28,27.00,51.00
2024-09-10 오후 7:14:30,27.00,53.56
2024-09-10 오후 7:14:32,27.00,51.00
2024-09-10 오후 7:14:34,27.00,51.00
2024-09-10 오후 7:14:36,26.00,51.00
2024-09-10 오후 7:14:38,26.00,51.00
2024-09-10 오후 7:14:40,26.00,51.00
2024-09-10 오후 7:14:42,26.00,51.00
2024-09-10 오후 7:14:45,26.00,51.00
2024-09-10 오후 7:14:47,26.00,51.00
2024-09-10 오후 7:14:49,26.00,51.00
2024-09-10 오후 7:14:51,26.00,51.00
2024-09-10 오후 7:14:53,26.00,51.00
2024-09-10 오후 7:14:55,26.00,51.00
2024-09-10 오후 7:14:57,26.00,51.00
2024-09-10 오후 7:14:59,26.00,51.00
2024-09-10 오후 7:15:01,26.00,51.00
2024-09-10 오후 7:15:03,26.00,51.00
2024-09-10 오후 7:15:05,26.00,51.00
2024-09-10 오후 7:15:07,26.00,51.00
2024-09-10 오후 7:15:09,26.00,53.56
2024-09-10 오후 7:15:11,26.00,51.00
2024-09-10 오후 7:15:13,26.00,51.00
2024-09-10 오후 7:15:15,26.00,51.00
2024-09-10 오후 7:15:17,26.00,53.56
2024-09-10 오후 7:15:20,26.00,53.56
2024-09-10 오후 7:15:22,26.00,53.56
2024-09-10 오후 7:15:24,26.00,53.56
2024-09-10 오후 7:15:26,26.00,53.56
2024-09-10 오후 7:15:28,26.00,53.56
2024-09-10 오후 7:15:30,26.00,53.56
2024-09-10 오후 7:15:32,26.00,53.56
2024-09-10 오후 7:15:34,26.00,53.56
2024-09-10 오후 7:15:36,26.00,53.56
2024-09-10 오후 7:15:38,26.00,53.56
2024-09-10 오후 7:15:40,26.00,53.56
2024-09-10 오후 7:15:42,26.00,53.56
2024-09-10 오후 7:15:44,26.00,53.56
2024-09-10 오후 7:15:46,26.00,52.00
2024-09-10 오후 7:15:48,26.00,55.00
2024-09-10 오후 7:15:50,26.00,59.00
2024-09-10 오후 7:15:52,26.00,59.00
2024-09-10 오후 7:15:55,26.00,57.00
2024-09-10 오후 7:15:57,26.00,56.00
2024-09-10 오후 7:15:59,26.00,55.00
2024-09-10 오후 7:16:01,26.00,58.56
2024-09-10 오후 7:16:03,26.00,57.00
2024-09-10 오후 7:16:05,26.00,57.00
2024-09-10 오후 7:16:07,26.00,71.56
2024-09-10 오후 7:16:09,27.00,78.00
2024-09-10 오후 7:16:11,27.00,81.00
2024-09-10 오후 7:16:13,27.00,83.00
2024-09-10 오후 7:16:15,27.00,83.00
2024-09-10 오후 7:16:17,27.00,82.00
2024-09-10 오후 7:16:19,27.00,80.00
2024-09-10 오후 7:16:21,27.00,78.00
2024-09-10 오후 7:16:23,27.00,76.00
2024-09-10 오후 7:16:25,27.00,76.56
2024-09-10 오후 7:16:27,27.00,73.00
2024-09-10 오후 7:16:30,27.00,73.56
2024-09-10 오후 7:16:32,27.00,71.00
2024-09-10 오후 7:16:34,27.00,71.56
2024-09-10 오후 7:16:36,27.00,68.00
2024-09-10 오후 7:16:38,25.60,0.00
2024-09-10 오후 7:16:38,358.65,512.00
2024-09-10 오후 7:16:40,27.00,64.00
2024-09-10 오후 7:16:42,27.00,62.00
2024-09-10 오후 7:16:44,27.00,61.00
2024-09-10 오후 7:16:46,27.00,59.00
2024-09-10 오후 7:16:48,27.00,58.00
2024-09-10 오후 7:16:50,27.00,57.00
2024-09-10 오후 7:16:52,27.00,57.00
2024-09-10 오후 7:16:54,27.00,58.56
2024-09-10 오후 7:16:56,27.00,55.00
2024-09-10 오후 7:16:58,27.00,55.00
2024-09-10 오후 7:17:00,27.00,54.00
2024-09-10 오후 7:17:02,27.00,54.00
2024-09-10 오후 7:17:05,27.00,53.00
2024-09-10 오후 7:17:07,27.00,53.00
2024-09-10 오후 7:17:09,27.00,53.00
2024-09-10 오후 7:17:11,27.00,53.00
2024-09-10 오후 7:17:13,27.00,52.00
2024-09-10 오후 7:17:15,27.00,52.00
2024-09-10 오후 7:17:17,27.00,52.00
