<?xml version="1.0"?>
<doc>
    <assembly>
        <name>ShellProgressBar</name>
    </assembly>
    <members>
        <member name="M:ShellProgressBar.IProgressBar.WriteLine(System.String)">
            <summary>
            This writes a new line above the progress bar to <see cref="P:System.Console.Out"/>.
            Use <see cref="P:ShellProgressBar.IProgressBar.Message"/> to update the message inside the progress bar
            </summary>
        </member>
        <member name="M:ShellProgressBar.IProgressBar.WriteErrorLine(System.String)">
            <summary> This writes a new line above the progress bar to <see cref="P:System.Console.Error"/></summary>
        </member>
        <member name="T:ShellProgressBar.ProgressBarOptions">
            <summary>
            Control the behaviour of your progressbar
            </summary>
        </member>
        <member name="P:ShellProgressBar.ProgressBarOptions.ForegroundColor">
            <summary> The foreground color of the progress bar, message and time</summary>
        </member>
        <member name="P:ShellProgressBar.ProgressBarOptions.ForegroundColorDone">
            <summary> The foreground color the progressbar has reached a 100 percent</summary>
        </member>
        <member name="P:ShellProgressBar.ProgressBarOptions.ForegroundColorError">
            <summary>
            The foreground color the progressbar when it has observed an error
            <para>If set this takes priority over any other color as soon as an error is observed</para>
            Use either <see cref="P:ShellProgressBar.ProgressBarBase.ObservedError"/> or <see cref="M:ShellProgressBar.ProgressBarBase.WriteErrorLine(System.String)"/> to
            put the progressbar in errored state
            </summary>
        </member>
        <member name="P:ShellProgressBar.ProgressBarOptions.BackgroundColor">
            <summary> The background color of the remainder of the progressbar</summary>
        </member>
        <member name="P:ShellProgressBar.ProgressBarOptions.ProgressCharacter">
            <summary> The character to use to draw the progressbar</summary>
        </member>
        <member name="P:ShellProgressBar.ProgressBarOptions.BackgroundCharacter">
            <summary>
            The character to use for the background of the progress defaults to <see cref="P:ShellProgressBar.ProgressBarOptions.ProgressCharacter"/>
            </summary>
        </member>
        <member name="P:ShellProgressBar.ProgressBarOptions.DisplayTimeInRealTime">
            <summary>
            When true will redraw the progressbar using a timer, otherwise only update when
            <see cref="M:ShellProgressBar.ProgressBarBase.Tick(System.String)"/> is called.
            Defaults to true
             </summary>
        </member>
        <member name="P:ShellProgressBar.ProgressBarOptions.CollapseWhenFinished">
            <summary>
            Collapse the progressbar when done, very useful for child progressbars
            Defaults to true
            </summary>
        </member>
        <member name="P:ShellProgressBar.ProgressBarOptions.ProgressBarOnBottom">
            <summary>
            By default the text and time information is displayed at the bottom and the progress bar at the top.
            This setting swaps their position
            </summary>
        </member>
        <member name="P:ShellProgressBar.ProgressBarOptions.DenseProgressBar">
            <summary>
            Progressbar is written on a single line
            </summary>
        </member>
        <member name="P:ShellProgressBar.ProgressBarOptions.ShowEstimatedDuration">
            <summary>
            Whether to show the estimated time. It can be set when
            <see cref="M:ShellProgressBar.ProgressBarBase.Tick(System.String)"/> is called or the property
            <see cref="P:ShellProgressBar.ProgressBarBase.EstimatedDuration"/> is set.
            </summary>
        </member>
        <member name="P:ShellProgressBar.ProgressBarOptions.DisableBottomPercentage">
            <summary>
            Whether to show the percentage number
            </summary>
        </member>
        <member name="P:ShellProgressBar.ProgressBarOptions.PercentageFormat">
            <summary> Set percentage decimal format. By default is {0:N2}. </summary>
        </member>
        <member name="P:ShellProgressBar.ProgressBarOptions.EnableTaskBarProgress">
            <summary>
            Use Windows' task bar to display progress.
            </summary>
            <remarks>
            This feature is available on the Windows platform.
            </remarks>
        </member>
        <member name="P:ShellProgressBar.ProgressBarOptions.WriteQueuedMessage">
            <summary>
            Take ownership of writing a message that is intended to be displayed above the progressbar.
            The delegate is expected to return the number of messages written to the console as a result of the string argument.
            <para>Use case: pretty print or change the console colors, the progressbar will reset back</para>
            </summary>
        </member>
    </members>
</doc>
